href,,,
https://www.google.com/maps/place/Hotel+One+Bhurban/data=!4m10!3m9!1s0x38dfd7b61a414d61:0x42c2b16ae2dbde68!5m2!4m1!1i2!8m2!3d33.943504!4d73.440971!16s%2Fg%2F11cnx_66nx!19sChIJYU1BGrbX3zgRaN7b4mqxwkI?authuser=0&hl=en&rclk=1,,,
https://www.google.com/maps/place/Mount+Heaven+Hotel+Murree/data=!4m10!3m9!1s0x38e09f74ec5e8617:0xed3167deb63f0c5d!5m2!4m1!1i2!8m2!3d33.9104039!4d73.3903109!16s%2Fg%2F11fl3g2ty2!19sChIJF4Ze7HSf4DgRXQw_tt5nMe0?authuser=0&hl=en&rclk=1,,,
https://www.google.com/maps/place/Grand+Taj+Hotel+Murree/data=!4m10!3m9!1s0x38dfd7d1e4a8597d:0xd2eee2fa692cfb80!5m2!4m1!1i2!8m2!3d33.9055947!4d73.3879129!16s%2Fg%2F11n84xyws8!19sChIJfVmo5NHX3zgRgPssafri7tI?authuser=0&hl=en&rclk=1,,,
https://www.google.com/maps/place/Kashmir+Continental+Hotel+Murree/data=!4m10!3m9!1s0x38dfd709de0450b3:0xb443045f1f8e7f31!5m2!4m1!1i2!8m2!3d33.9111554!4d73.3971845!16s%2Fg%2F11h44p6wzn!19sChIJs1AE3gnX3zgRMX-OH18EQ7Q?authuser=0&hl=en&rclk=1,,,
https://www.google.com/maps/place/Grand+Heights+Hotel/data=!4m10!3m9!1s0x38dfd7673c51a6bb:0x5071d6bd37324bea!5m2!4m1!1i2!8m2!3d33.906873!4d73.3967112!16s%2Fg%2F1tctczv9!19sChIJu6ZRPGfX3zgR6ksyN73WcVA?authuser=0&hl=en&rclk=1,,,
https://www.google.com/maps/place/Fiora+Hotel+Murree/data=!4m10!3m9!1s0x38dfd749f22fdb69:0x48b2bcb25364709f!5m2!4m1!1i2!8m2!3d33.9073656!4d73.4015612!16s%2Fg%2F11v4g02hpk!19sChIJadsv8knX3zgRn3BkU7K8skg?authuser=0&hl=en&rclk=1,,,
https://www.google.com/maps/place/Mount+Murree+Hotel/data=!4m10!3m9!1s0x38dfd7379001f24d:0x4cb2d79a90b4e9c2!5m2!4m1!1i2!8m2!3d33.9084608!4d73.3936221!16s%2Fg%2F11xcjct9zl!19sChIJTfIBkDfX3zgRwum0kJrXskw?authuser=0&hl=en&rclk=1,,,
https://www.google.com/maps/place/Hotel+One+Mall+Road+Murree/data=!4m10!3m9!1s0x38dfd75dd771def9:0x417232265e91e0c8!5m2!4m1!1i2!8m2!3d33.9066748!4d73.3935233!16s%2Fg%2F11jvdn5x1l!19sChIJ-d5x113X3zgRyOCRXiYyckE?authuser=0&hl=en&rclk=1,,,
https://www.google.com/maps/place/Dunleigh+Apartments+Murree/data=!4m10!3m9!1s0x38dfd7f408b380b1:0x9bbf26b282dd88e4!5m2!4m1!1i2!8m2!3d33.9103529!4d73.3903759!16s%2Fg%2F11k4jf6kn3!19sChIJsYCzCPTX3zgR5IjdgrImv5s?authuser=0&hl=en&rclk=1,,,
https://www.google.com/maps/place/Pleasant+View+Hotel/data=!4m10!3m9!1s0x38dfd75d63449d65:0x2ec3d37f1c91de4f!5m2!4m1!1i2!8m2!3d33.9078342!4d73.3942486!16s%2Fg%2F11c5wq2jwy!19sChIJZZ1EY13X3zgRT96RHH_Twy4?authuser=0&hl=en&rclk=1,,,
https://www.google.com/maps/place/Bilal+Guest+House+Murree/data=!4m10!3m9!1s0x38dfd7bfb9920039:0x4f604e666f200e03!5m2!4m1!1i2!8m2!3d33.9069956!4d73.39225!16s%2Fg%2F11k4l1mvdw!19sChIJOQCSub_X3zgRAw4gb2ZOYE8?authuser=0&hl=en&rclk=1,,,
"https://www.google.com/maps/place/The+Roomy+Lodge,+Murree/data=!4m10!3m9!1s0x38dfd7def4856f6d:0xf91436c682f2d64f!5m2!4m1!1i2!8m2!3d33.9088697!4d73.4025087!16s%2Fg%2F11rfcvd6rl!19sChIJbW-F9N7X3zgRT9bygsY2FPk?authuser=0&hl=en&rclk=1",,,
https://www.google.com/maps/place/Cecil+by+Pearl+Continental+Hotels+%26+Resorts/data=!4m10!3m9!1s0x38dfd78dcb57f35d:0x22947701bddc8971!5m2!4m1!1i2!8m2!3d33.9072856!4d73.3897405!16s%2Fg%2F11vwjy0m70!19sChIJXfNXy43X3zgRcYncvQF3lCI?authuser=0&hl=en&rclk=1,,,
https://www.google.com/maps/place/Butt+Tourist+Inn+Hotel+Murree/data=!4m10!3m9!1s0x38dfd7f2352465ef:0x8cef7b3281f06051!5m2!4m1!1i2!8m2!3d33.9065285!4d73.3944716!16s%2Fg%2F11ry32_4cq!19sChIJ72UkNfLX3zgRUWDwgTJ774w?authuser=0&hl=en&rclk=1,,,
https://www.google.com/maps/place/Hotel+Metropole+Murree/data=!4m10!3m9!1s0x38dfd76721c4c8ed:0x623eac40fc10ac8c!5m2!4m1!1i2!8m2!3d33.9070671!4d73.3966174!16s%2Fg%2F119tykt3t!19sChIJ7cjEIWfX3zgRjKwQ_ECsPmI?authuser=0&hl=en&rclk=1,,,
https://www.google.com/maps/place/Unique+Heights+Murree/data=!4m10!3m9!1s0x38dfd76581a86e77:0xfc9c4fb20caf2b42!5m2!4m1!1i2!8m2!3d33.911879!4d73.4031104!16s%2Fg%2F11xz8pl_g!19sChIJd26ogWXX3zgRQiuvDLJPnPw?authuser=0&hl=en&rclk=1,,,
https://www.google.com/maps/place/Hotel+comrade+inn/data=!4m10!3m9!1s0x38dfd70278475b29:0x405da502db511aa0!5m2!4m1!1i2!8m2!3d33.9112235!4d73.3971666!16s%2Fg%2F11n0gl7sx4!19sChIJKVtHeALX3zgRoBpR2wKlXUA?authuser=0&hl=en&rclk=1,,,
https://www.google.com/maps/place/Hotel+One+Bhurban/data=!4m10!3m9!1s0x38dfd766b523d60d:0x42c2b16ae2dbde68!5m2!4m1!1i2!8m2!3d33.9435035!4d73.4409713!16s%2Fg%2F11cnx_66nx!19sChIJDdYjtWbX3zgRaN7b4mqxwkI?authuser=0&hl=en&rclk=1,,,
https://www.google.com/maps/place/Mughal+E+Azam+Hotel+Murree/data=!4m10!3m9!1s0x38dfd76747bf9f95:0x54c0e0fc07add197!5m2!4m1!1i2!8m2!3d33.9065191!4d73.3954834!16s%2Fg%2F11xlgs2tm!19sChIJlZ-_R2fX3zgRl9GtB_zgwFQ?authuser=0&hl=en&rclk=1,,,
https://www.google.com/maps/place/Lords+hotel+Pindi+Point+Murree/data=!4m10!3m9!1s0x38dfd90a063c29df:0xf118254a9d835145!5m2!4m1!1i2!8m2!3d33.8953272!4d73.3815878!16s%2Fg%2F11v9lktq0h!19sChIJ3yk8BgrZ3zgRRVGDnUolGPE?authuser=0&hl=en&rclk=1,,,
https://www.google.com/maps/place/Mussiaree+Hotel/data=!4m10!3m9!1s0x38dfd75d9bdd7b3d:0x660916c24872d132!5m2!4m1!1i2!8m2!3d33.906998!4d73.3922651!16s%2Fg%2F12mkzc72m!19sChIJPXvdm13X3zgRMtFySMIWCWY?authuser=0&hl=en&rclk=1,,,
https://www.google.com/maps/place/Mussiaree+Hotel/data=!4m10!3m9!1s0x38dfd75d9bdd7b3d:0x660916c24872d132!5m2!4m1!1i2!8m2!3d33.906998!4d73.3922651!16s%2Fg%2F12mkzc72m!19sChIJPXvdm13X3zgRMtFySMIWCWY?authuser=0&hl=en&rclk=1,,,
https://www.google.com/maps/place/Rashk+e+Qamar/data=!4m10!3m9!1s0x38dfd9a0b5933c55:0xda40aeafef43961a!5m2!4m1!1i2!8m2!3d33.8949375!4d73.3789375!16s%2Fg%2F11h84dqyf7!19sChIJVTyTtaDZ3zgRGpZD76-uQNo?authuser=0&hl=en&rclk=1,,,
"https://www.google.com/maps/place/Pinemont+Hotel,+Murree/data=!4m10!3m9!1s0x38dfd7524f862a1b:0x5dde0fc5c038f76a!5m2!4m1!1i2!8m2!3d33.9121536!4d73.3976956!16s%2Fg%2F11x6yrd214!19sChIJGyqGT1LX3zgRavc4wMUP3l0?authuser=0&hl=en&rclk=1",,,
https://www.google.com/maps/place/Masken+Murree/data=!4m10!3m9!1s0x38dfdb005f620279:0x2f1a229a0789295e!5m2!4m1!1i2!8m2!3d33.894696!4d73.3664293!16s%2Fg%2F11xd_5hxtz!19sChIJeQJiXwDb3zgRXimJB5oiGi8?authuser=0&hl=en&rclk=1,,,
https://www.google.com/maps/place/TANVEER+HOTEL+%28Rs.1990%29/data=!4m10!3m9!1s0x38dfd75bfe5d0c5d:0xaff914fde984558a!5m2!4m1!1i2!8m2!3d33.9047703!4d73.3882914!16s%2Fg%2F1hc6vq5yw!19sChIJXQxd_lvX3zgRilWE6f0U-a8?authuser=0&hl=en&rclk=1,,,
https://www.google.com/maps/place/The+Timberline+Murree/data=!4m10!3m9!1s0x38dfd78428e2e27f:0xad3e3707a0905629!5m2!4m1!1i2!8m2!3d33.9355508!4d73.4489975!16s%2Fg%2F11yfwfm2g1!19sChIJf-LiKITX3zgRKVaQoAc3Pq0?authuser=0&hl=en&rclk=1,,,
https://www.google.com/maps/place/The+Vibe+by+Ambiance/data=!4m10!3m9!1s0x38dfd734532853e5:0x1fd2d9e734eba1cd!5m2!4m1!1i2!8m2!3d33.9092588!4d73.4026515!16s%2Fg%2F11vkl3k_0p!19sChIJ5VMoUzTX3zgRzaHrNOfZ0h8?authuser=0&hl=en&rclk=1,,,
https://www.google.com/maps/place/Ramada+by+Wyndham+Murree+Lower+Topa+Resort/data=!4m10!3m9!1s0x391905409cc13f13:0xf675347f437b7367!5m2!4m1!1i2!8m2!3d33.8881907!4d73.4311711!16s%2Fg%2F11sm_tn67m!19sChIJEz_BnEAFGTkRZ3N7Q380dfY?authuser=0&hl=en&rclk=1,,,
https://www.google.com/maps/place/Hotel+Cecil+Homes/data=!4m10!3m9!1s0x38dfd76aaf7a6f45:0xa8686aee82cb9766!5m2!4m1!1i2!8m2!3d33.9066783!4d73.3902918!16s%2Fg%2F11s34bt797!19sChIJRW96r2rX3zgRZpfLgu5qaKg?authuser=0&hl=en&rclk=1,,,
https://www.google.com/maps/place/Country+Homes+By+Safariclub+Bahria+Town/data=!4m10!3m9!1s0x38dfd93c35dd8667:0x34a073562e320038!5m2!4m1!1i2!8m2!3d33.8915358!4d73.3799671!16s%2Fg%2F11w9r6zbsw!19sChIJZ4bdNTzZ3zgROAAyLlZzoDQ?authuser=0&hl=en&rclk=1,,,
"https://www.google.com/maps/place/Buland+Heights+,Murree/data=!4m10!3m9!1s0x38dfd7146094a795:0xf381e842c94a7b7c!5m2!4m1!1i2!8m2!3d33.9140661!4d73.406892!16s%2Fg%2F11vclvs_4q!19sChIJlaeUYBTX3zgRfHtKyULogfM?authuser=0&hl=en&rclk=1",,,
https://www.google.com/maps/place/SH+Murree/data=!4m10!3m9!1s0x38dfd7cff557cc4b:0x133e13e518ac518c!5m2!4m1!1i2!8m2!3d33.9534731!4d73.3934918!16s%2Fg%2F11jxvd16nx!19sChIJS8xX9c_X3zgRjFGsGOUTPhM?authuser=0&hl=en&rclk=1,,,
https://www.google.com/maps/place/Forest+Edge+Hotel+Murree/data=!4m10!3m9!1s0x38dfd1756b814f75:0x8704ed3f78796b05!5m2!4m1!1i2!8m2!3d33.8971008!4d73.36861!16s%2Fg%2F11x857mm4v!19sChIJdU-Ba3XR3zgRBWt5eD_tBIc?authuser=0&hl=en&rclk=1,,,
https://www.google.com/maps/place/Serenity+Family+Retreat+Murree/data=!4m10!3m9!1s0x38dfd1ba299d7a75:0xa2b773c78ba484f!5m2!4m1!1i2!8m2!3d33.8966577!4d73.3680102!16s%2Fg%2F11yj7_ykhq!19sChIJdXqdKbrR3zgRT0i6eDx3Kwo?authuser=0&hl=en&rclk=1,,,
https://www.google.com/maps/place/Murree+Oaks/data=!4m10!3m9!1s0x38dfd9e4a435e5e5:0x48d7ec20c77da30f!5m2!4m1!1i2!8m2!3d33.8905885!4d73.3865781!16s%2Fg%2F11g6_cqr00!19sChIJ5eU1pOTZ3zgRD6N9xyDs10g?authuser=0&hl=en&rclk=1,,,
https://www.google.com/maps/place/Move+n+Pick+Murree/data=!4m10!3m9!1s0x38dfd76766db6ccf:0xc73227b316f97678!5m2!4m1!1i2!8m2!3d33.9071467!4d73.3949002!16s%2Fg%2F1td5_2w8!19sChIJz2zbZmfX3zgReHb5FrMnMsc?authuser=0&hl=en&rclk=1,,,
https://www.google.com/maps/place/Brightlands+Hotel+Murree/data=!4m10!3m9!1s0x38dfd75da55be1a3:0x3e7d0b311ac0a6c9!5m2!4m1!1i2!8m2!3d33.905755!4d73.3899664!16s%2Fg%2F11xdmr91v!19sChIJo-FbpV3X3zgRyabAGjELfT4?authuser=0&hl=en&rclk=1,,,
https://www.google.com/maps/place/Candlewood+Hotel+%26+Suits/data=!4m10!3m9!1s0x38dfd737513ef9b9:0xd4092bbf40c398f9!5m2!4m1!1i2!8m2!3d33.942142!4d73.4395718!16s%2Fg%2F11p64hfgql!19sChIJufk-UTfX3zgR-ZjDQL8rCdQ?authuser=0&hl=en&rclk=1,,,
https://www.google.com/maps/place/Destination+Hotel+Murree/data=!4m10!3m9!1s0x38dfd749d0e6f537:0xd48ec51e050f4c22!5m2!4m1!1i2!8m2!3d33.907012!4d73.3938184!16s%2Fg%2F11y7wz86x4!19sChIJN_Xm0EnX3zgRIkwPBR7FjtQ?authuser=0&hl=en&rclk=1,,,
https://www.google.com/maps/place/Janjua+Lodges+Murree/data=!4m10!3m9!1s0x38dfd729470c0183:0x560b75799d9dabe0!5m2!4m1!1i2!8m2!3d33.9353223!4d73.4506835!16s%2Fg%2F11gjkkcmts!19sChIJgwEMRynX3zgR4KudnXl1C1Y?authuser=0&hl=en&rclk=1,,,
https://www.google.com/maps/place/Lockwood+Hotel+Murree/data=!4m10!3m9!1s0x38dfd75c4603dc75:0x260c6b7e900a9346!5m2!4m1!1i2!8m2!3d33.90663!4d73.390747!16s%2Fg%2F1hdzq7fpq!19sChIJddwDRlzX3zgRRpMKkH5rDCY?authuser=0&hl=en&rclk=1,,,
https://www.google.com/maps/place/CREST+VIEW+HOTEL/data=!4m10!3m9!1s0x38dfd75585999e89:0x6ad90fa5d0724ed2!5m2!4m1!1i2!8m2!3d33.9099223!4d73.3954152!16s%2Fg%2F11vd3j_r90!19sChIJiZ6ZhVXX3zgR0k5y0KUP2Wo?authuser=0&hl=en&rclk=1,,,
https://www.google.com/maps/place/Hotel+New+Asia/data=!4m10!3m9!1s0x38dfd75db0fba99f:0x854a4f6f397d82b2!5m2!4m1!1i2!8m2!3d33.906915!4d73.3921514!16s%2Fg%2F12mkz5sxn!19sChIJn6n7sF3X3zgRsoJ9OW9PSoU?authuser=0&hl=en&rclk=1,,,
"https://www.google.com/maps/place/Faletti%E2%80%99s+Grand+Hotel,+Murree/data=!4m10!3m9!1s0x38dfd7d605d49ea5:0xecc2f534e6b41371!5m2!4m1!1i2!8m2!3d33.9122184!4d73.3964575!16s%2Fg%2F11rcfb98r9!19sChIJpZ7UBdbX3zgRcRO05jT1wuw?authuser=0&hl=en&rclk=1",,,
https://www.google.com/maps/place/LOKAL+X+Murree+Kashmir+Point/data=!4m10!3m9!1s0x38dfd7283039986f:0x3bb3373fa5c63183!5m2!4m1!1i2!8m2!3d33.9094981!4d73.4018359!16s%2Fg%2F11khzy44yt!19sChIJb5g5MCjX3zgRgzHGpT83szs?authuser=0&hl=en&rclk=1,,,
https://www.google.com/maps/place/Hotel+Murree+International/data=!4m10!3m9!1s0x38dfd75eb2231fb5:0xa4ca0ac722751b45!5m2!4m1!1i2!8m2!3d33.9038943!4d73.3889254!16s%2Fg%2F1jkz7lfv7!19sChIJtR8jsl7X3zgRRRt1IscKyqQ?authuser=0&hl=en&rclk=1,,,
https://www.google.com/maps/place/Marhaba+Inn+Hotel+%26+Restaurant+Murree/data=!4m10!3m9!1s0x38dfd75dd7fc12f9:0xa3c59f2a480f7804!5m2!4m1!1i2!8m2!3d33.9045423!4d73.3913343!16s%2Fg%2F1vgw6_zf!19sChIJ-RL8113X3zgRBHgPSCqfxaM?authuser=0&hl=en&rclk=1,,,
https://www.google.com/maps/place/GO+Glam+Hotel+in+Murree/data=!4m10!3m9!1s0x38dfd7d4091ef861:0xf11c0c2b3de0274d!5m2!4m1!1i2!8m2!3d33.9064589!4d73.38787!16s%2Fg%2F11xnwcp_jn!19sChIJYfgeCdTX3zgRTSfgPSsMHPE?authuser=0&hl=en&rclk=1,,,
https://www.google.com/maps/place/Ahmed+guest+house/data=!4m10!3m9!1s0x38dfd76f6f3ec521:0xa85ea59d3b8bc3c4!5m2!4m1!1i2!8m2!3d33.9043389!4d73.3906867!16s%2Fg%2F11jlwds04b!19sChIJIcU-b2_X3zgRxMOLO52lXqg?authuser=0&hl=en&rclk=1,,,
https://www.google.com/maps/place/Khattak+Lodge+Murree/data=!4m10!3m9!1s0x38dfd7ef357a40a3:0xef2a4a0566871621!5m2!4m1!1i2!8m2!3d33.9100922!4d73.4000495!16s%2Fg%2F11j4mnqkfh!19sChIJo0B6Ne_X3zgRIRaHZgVKKu8?authuser=0&hl=en&rclk=1,,,
https://www.google.com/maps/place/TERRACE+HILLS+MURREE/data=!4m10!3m9!1s0x38dfd93a06316263:0x2677dc88c51b7373!5m2!4m1!1i2!8m2!3d33.8864455!4d73.3735021!16s%2Fg%2F11svhj8sy9!19sChIJY2IxBjrZ3zgRc3MbxYjcdyY?authuser=0&hl=en&rclk=1,,,
https://www.google.com/maps/place/Hotel+Faran/data=!4m10!3m9!1s0x38dfd767813008c9:0x9e936e75dd00cebf!5m2!4m1!1i2!8m2!3d33.9085218!4d73.3946895!16s%2Fg%2F11xbcbq66!19sChIJyQgwgWfX3zgRv84A3XVuk54?authuser=0&hl=en&rclk=1,,,
https://www.google.com/maps/place/Blue+Rock+Hotel+Murree/data=!4m10!3m9!1s0x38dfd75dd7c2bb37:0x88f7ec12e126e2e9!5m2!4m1!1i2!8m2!3d33.9074988!4d73.3978423!16s%2Fg%2F11fx91pmcr!19sChIJN7vC113X3zgR6eIm4RLs94g?authuser=0&hl=en&rclk=1,,,
https://www.google.com/maps/place/Summer+Palace+hotel/data=!4m10!3m9!1s0x38dfd75bf6ce01d9:0x8b240d6a505b276b!5m2!4m1!1i2!8m2!3d33.9054069!4d73.3882675!16s%2Fg%2F12mkw8j_g!19sChIJ2QHO9lvX3zgRaydbUGoNJIs?authuser=0&hl=en&rclk=1,,,
https://www.google.com/maps/place/Ortus+Murree/data=!4m10!3m9!1s0x38dfd787ade8c787:0x298b056d6c5d10b2!5m2!4m1!1i2!8m2!3d33.9123089!4d73.3956643!16s%2Fg%2F11s3v4whw2!19sChIJh8forYfX3zgRshBdbG0Fiyk?authuser=0&hl=en&rclk=1,,,
https://www.google.com/maps/place/The+Khushi+Hotel+%26+resorts/data=!4m10!3m9!1s0x38dfd7c0ba46caaf:0xeaeb18709b592e0!5m2!4m1!1i2!8m2!3d33.9081852!4d73.398364!16s%2Fg%2F11xgjybn7m!19sChIJr8pGusDX3zgR4JK1CYexrg4?authuser=0&hl=en&rclk=1,,,
https://www.google.com/maps/place/StayZen+Murree/data=!4m10!3m9!1s0x38dfd7f41a2696df:0xc8fb43f7f5e8efb1!5m2!4m1!1i2!8m2!3d33.9058156!4d73.4050115!16s%2Fg%2F11xlknls7g!19sChIJ35YmGvTX3zgRse_o9fdD-8g?authuser=0&hl=en&rclk=1,,,
https://www.google.com/maps/place/Hotel+Felton+Murree/data=!4m10!3m9!1s0x38dfd7677c296db9:0xf063309f9a911b7f!5m2!4m1!1i2!8m2!3d33.9078661!4d73.3955752!16s%2Fg%2F1tgfnhnb!19sChIJuW0pfGfX3zgRfxuRmp8wY_A?authuser=0&hl=en&rclk=1,,,
https://www.google.com/maps/place/Hotel+44+Murree/data=!4m10!3m9!1s0x38dfd7003efc3ce5:0x8257751add5fa470!5m2!4m1!1i2!8m2!3d33.9077359!4d73.3972687!16s%2Fg%2F11y4zx8br6!19sChIJ5Tz8PgDX3zgRcKRf3Rp1V4I?authuser=0&hl=en&rclk=1,,,
https://www.google.com/maps/place/Maisonette+Firhill+Hotel+%26+Resort+-+Murree/data=!4m10!3m9!1s0x38dfd771d7df38f5:0x4fe61e6b429f0998!5m2!4m1!1i2!8m2!3d33.9158461!4d73.4062234!16s%2Fg%2F11_f0jch8!19sChIJ9Tjf13HX3zgRmAmfQmse5k8?authuser=0&hl=en&rclk=1,,,
https://www.google.com/maps/place/Hotel+The+Taj+Mahal+Murree/data=!4m10!3m9!1s0x38dfd75dccee0891:0x164df927bb344d03!5m2!4m1!1i2!8m2!3d33.9068998!4d73.3938453!16s%2Fg%2F11xmz_1t4!19sChIJkQjuzF3X3zgRA000uyf5TRY?authuser=0&hl=en&rclk=1,,,
https://www.google.com/maps/place/Hotel+snow+land/data=!4m10!3m9!1s0x38dfd73bc93b5117:0x1d38fdf2f848bd7!5m2!4m1!1i2!8m2!3d33.9058123!4d73.3884167!16s%2Fg%2F11sdsjg307!19sChIJF1E7yTvX3zgR14uEL9-P0wE?authuser=0&hl=en&rclk=1,,,
https://www.google.com/maps/place/Malik+Residency+Bhurban+Murree/data=!4m10!3m9!1s0x38dfd766399ff137:0x2cc3b7766c6870dc!5m2!4m1!1i2!8m2!3d33.949458!4d73.4526983!16s%2Fg%2F11f89ll_bm!19sChIJN_GfOWbX3zgR3HBobHa3wyw?authuser=0&hl=en&rclk=1,,,
https://www.google.com/maps/place/Dreamland+Hotel+Murree/data=!4m10!3m9!1s0x38dfd705020d2b8f:0x36ee67c0156f56b4!5m2!4m1!1i2!8m2!3d33.909659!4d73.3959772!16s%2Fg%2F11fm74sx0d!19sChIJjysNAgXX3zgRtFZvFcBn7jY?authuser=0&hl=en&rclk=1,,,
https://www.google.com/maps/place/Paradiso+La+Montana/data=!4m10!3m9!1s0x38dfd9002b20cbe1:0xddb1c5c89d550743!5m2!4m1!1i2!8m2!3d33.8972189!4d73.411462!16s%2Fg%2F11whs637lx!19sChIJ4csgKwDZ3zgRQwdVncjFsd0?authuser=0&hl=en&rclk=1,,,
https://www.google.com/maps/place/Hamdan+Hotel+%26+Resort/data=!4m10!3m9!1s0x38dfd7a787e7d2bf:0xb846df96b85dee0d!5m2!4m1!1i2!8m2!3d33.9083755!4d73.3957011!16s%2Fg%2F11v9_yh029!19sChIJv9Lnh6fX3zgRDe5duJbfRrg?authuser=0&hl=en&rclk=1,,,
https://www.google.com/maps/place/Shangrila+Hotels+And+Resorts+Murree/data=!4m10!3m9!1s0x38dfd7562f649473:0x29e3295527863eac!5m2!4m1!1i2!8m2!3d33.898373!4d73.379002!16s%2Fg%2F1thvwndh!19sChIJc5RkL1bX3zgRrD6GJ1Up4yk?authuser=0&hl=en&rclk=1,,,
https://www.google.com/maps/place/Murree+Hotels+Murree/data=!4m10!3m9!1s0x38dfd75e908ba065:0xd917c865c17bb5c6!5m2!4m1!1i2!8m2!3d33.904181!4d73.390562!16s%2Fg%2F11r9xmnv3!19sChIJZaCLkF7X3zgRxrV7wWXIF9k?authuser=0&hl=en&rclk=1,,,
https://www.google.com/maps/place/Hotel+Islamabad+Premiere+Inn+Murree/data=!4m10!3m9!1s0x38dfd7640f14ab7d:0x5ef46922a88320a0!5m2!4m1!1i2!8m2!3d33.9120264!4d73.4051888!16s%2Fg%2F11fxvqdl9f!19sChIJfasUD2TX3zgRoCCDqCJp9F4?authuser=0&hl=en&rclk=1,,,
https://www.google.com/maps/place/LOKAL+Rooms+x+Murree+%28Valley+View%29/data=!4m10!3m9!1s0x38dfd74b5cfbbcf3:0x76c70e010a335508!5m2!4m1!1i2!8m2!3d33.9071579!4d73.3967318!16s%2Fg%2F11y4lq36n8!19sChIJ87z7XEvX3zgRCFUzCgEOx3Y?authuser=0&hl=en&rclk=1,,,
https://www.google.com/maps/place/Jungle+resorts+murree/data=!4m10!3m9!1s0x38dfd7b702012beb:0x2510dbbfee381f87!5m2!4m1!1i2!8m2!3d33.9146293!4d73.3995136!16s%2Fg%2F11sts_m89x!19sChIJ6ysBArfX3zgRhx847r_bECU?authuser=0&hl=en&rclk=1,,,
https://www.google.com/maps/place/Zaurak+Lodge/data=!4m10!3m9!1s0x38dfd76613e920ff:0x52f81c7871bc7d51!5m2!4m1!1i2!8m2!3d33.9093578!4d73.3967391!16s%2Fg%2F11cnc1wgzg!19sChIJ_yDpE2bX3zgRUX28cXgc-FI?authuser=0&hl=en&rclk=1,,,
https://www.google.com/maps/place/Khan+Regency+Hotel+Murree/data=!4m10!3m9!1s0x38dfd767dd249fe1:0x99c6d6b8c1f3094f!5m2!4m1!1i2!8m2!3d33.9137044!4d73.3979679!16s%2Fg%2F12mkz7hy9!19sChIJ4Z8k3WfX3zgRTwnzwbjWxpk?authuser=0&hl=en&rclk=1,,,
https://www.google.com/maps/place/Tabash+Hotel/data=!4m10!3m9!1s0x38dfd7001fcdb9f3:0x26e9fd1d8c0e2428!5m2!4m1!1i2!8m2!3d33.9099885!4d73.3906933!16s%2Fg%2F11xrd14wry!19sChIJ87nNHwDX3zgRKCQOjB396SY?authuser=0&hl=en&rclk=1,,,
https://www.google.com/maps/place/Dolphin+Lodge/data=!4m10!3m9!1s0x38dfd70e5562905b:0xba7809715bdf6879!5m2!4m1!1i2!8m2!3d33.9064496!4d73.3951408!16s%2Fg%2F11j8mv7cjp!19sChIJW5BiVQ7X3zgReWjfW3EJeLo?authuser=0&hl=en&rclk=1,,,
https://www.google.com/maps/place/The+Bliss+Avenue/data=!4m10!3m9!1s0x38dfd773179fd9d5:0x4b37f344567b5e18!5m2!4m1!1i2!8m2!3d33.9041921!4d73.3979955!16s%2Fg%2F11k4l6yvgx!19sChIJ1dmfF3PX3zgRGF57VkTzN0s?authuser=0&hl=en&rclk=1,,,
https://www.google.com/maps/place/Heaven+Stay/data=!4m10!3m9!1s0x38dfd93cbf29e0bb:0xe9e925e59c0859ff!5m2!4m1!1i2!8m2!3d33.888546!4d73.4053102!16s%2Fg%2F11xmk_k_0w!19sChIJu-ApvzzZ3zgR_1kInOUl6ek?authuser=0&hl=en&rclk=1,,,
https://www.google.com/maps/place/Hotel+Red+Himalayan+Murree/data=!4m10!3m9!1s0x38dfd76444414b75:0x3bd2aba59eed0a4d!5m2!4m1!1i2!8m2!3d33.9081268!4d73.4022903!16s%2Fg%2F11xkm3_rd!19sChIJdUtBRGTX3zgRTQrtnqWr0js?authuser=0&hl=en&rclk=1,,,
https://www.google.com/maps/place/The+Mont+Calm+Suites+Murree/data=!4m10!3m9!1s0x38dfd776de234fc5:0xaddb6c236e9e8f9!5m2!4m1!1i2!8m2!3d33.9165124!4d73.4135657!16s%2Fg%2F11g8bwrqpd!19sChIJxU8j3nbX3zgR-ejpNsK23Qo?authuser=0&hl=en&rclk=1,,,
https://www.google.com/maps/place/ZAR+Luxury+Suites/data=!4m10!3m9!1s0x38dfd700759f127f:0x2709d0da49faffae!5m2!4m1!1i2!8m2!3d33.9131428!4d73.4135993!16s%2Fg%2F11xt4zgf50!19sChIJfxKfdQDX3zgRrv_6SdrQCSc?authuser=0&hl=en&rclk=1,,,
https://www.google.com/maps/place/Hotel+Second+Home+Murree/data=!4m10!3m9!1s0x38dfd76dd6549a7b:0x85e62beaa83cb9a3!5m2!4m1!1i2!8m2!3d33.9072655!4d73.3925982!16s%2Fg%2F11l3q608v4!19sChIJe5pU1m3X3zgRo7k8qOor5oU?authuser=0&hl=en&rclk=1,,,
https://www.google.com/maps/place/THE+OPULENT+HOTEL/data=!4m10!3m9!1s0x38dfd7995ecdf3f3:0x59c1fd9d39ab4e55!5m2!4m1!1i2!8m2!3d33.9352609!4d73.4493371!16s%2Fg%2F11h6tzk6hs!19sChIJ8_PNXpnX3zgRVU6rOZ39wVk?authuser=0&hl=en&rclk=1,,,
https://www.google.com/maps/place/Monta%C3%B1a+Villa+Murree/data=!4m10!3m9!1s0x38dfd74c53c9560d:0x89af1569ac8f0394!5m2!4m1!1i2!8m2!3d33.9167741!4d73.4139194!16s%2Fg%2F11nfvbnj8x!19sChIJDVbJU0zX3zgRlAOPrGkVr4k?authuser=0&hl=en&rclk=1,,,
https://www.google.com/maps/place/Miramonte+Maisonette+Murree/data=!4m10!3m9!1s0x38dfd79c88704f07:0xf879313c0ba8c3d3!5m2!4m1!1i2!8m2!3d33.9096234!4d73.4013336!16s%2Fg%2F11ww_skytd!19sChIJB09wiJzX3zgR08OoCzwxefg?authuser=0&hl=en&rclk=1,,,
https://www.google.com/maps/place/Hotel+Mehran+Murree/data=!4m10!3m9!1s0x38dfd767502c1031:0xead26360661d25e9!5m2!4m1!1i2!8m2!3d33.9058972!4d73.3950497!16s%2Fg%2F11xzwmcrf!19sChIJMRAsUGfX3zgR6SUdZmBj0uo?authuser=0&hl=en&rclk=1,,,
https://www.google.com/maps/place/CEDAR+HILLS/data=!4m10!3m9!1s0x38dfd7f24340d58d:0x6fa80fd3ce7a00d0!5m2!4m1!1i2!8m2!3d33.9114117!4d73.4068799!16s%2Fg%2F11m5ky60y0!19sChIJjdVAQ_LX3zgR0AB6ztMPqG8?authuser=0&hl=en&rclk=1,,,
https://www.google.com/maps/place/Hillmont+Lodges+Bhurban+Murree/data=!4m10!3m9!1s0x38dfd746f43d60d1:0x9799e03db2d282c!5m2!4m1!1i2!8m2!3d33.9490421!4d73.4525323!16s%2Fg%2F11k3qr127l!19sChIJ0WA99EbX3zgRLCgt2wOeeQk?authuser=0&hl=en&rclk=1,,,
https://www.google.com/maps/place/Al+Maaz+Hotel+Mall+Road/data=!4m10!3m9!1s0x38dfd75df20080a1:0x94133fd38a898f55!5m2!4m1!1i2!8m2!3d33.9068034!4d73.3940414!16s%2Fg%2F12mkz5wjh!19sChIJoYAA8l3X3zgRVY-JitM_E5Q?authuser=0&hl=en&rclk=1,,,
https://www.google.com/maps/place/Hotel+Snow+Breeze/data=!4m10!3m9!1s0x38dfd702cac9cfa5:0xec5fcbdefef2264e!5m2!4m1!1i2!8m2!3d33.9064766!4d73.3968249!16s%2Fg%2F11t5s_81hn!19sChIJpc_JygLX3zgRTiby_t7LX-w?authuser=0&hl=en&rclk=1,,,
https://www.google.com/maps/place/Mont+Vista+Resort/data=!4m10!3m9!1s0x38dfd77492484309:0xff7d8f29d5981449!5m2!4m1!1i2!8m2!3d33.8765423!4d73.4491343!16s%2Fg%2F11kq8jzdmb!19sChIJCUNIknTX3zgRSRSY1SmPff8?authuser=0&hl=en&rclk=1,,,
https://www.google.com/maps/place/QUEENSTOWN+HOTEL+MURREE/data=!4m10!3m9!1s0x38dfd97117ecfd19:0xa2119a087805c18a!5m2!4m1!1i2!8m2!3d33.8787346!4d73.433046!16s%2Fg%2F11t51ds2tv!19sChIJGf3sF3HZ3zgRisEFeAiaEaI?authuser=0&hl=en&rclk=1,,,
https://www.google.com/maps/place/Virginia+Hotels+%26+Resorts+Murree/data=!4m10!3m9!1s0x38dfd93c8ffb4a39:0xb9c12371de0cc124!5m2!4m1!1i2!8m2!3d33.8740099!4d73.4294877!16s%2Fg%2F11q2v_p22x!19sChIJOUr7jzzZ3zgRJMEM3nEjwbk?authuser=0&hl=en&rclk=1,,,
https://www.google.com/maps/place/Home+Land+Resort/data=!4m10!3m9!1s0x38dfd7c1c08fc07d:0x585d1bd838123655!5m2!4m1!1i2!8m2!3d33.9123053!4d73.3930353!16s%2Fg%2F11h0z0lkmw!19sChIJfcCPwMHX3zgRVTYSONgbXVg?authuser=0&hl=en&rclk=1,,,
https://www.google.com/maps/place/La.Pasha+Lodges/data=!4m10!3m9!1s0x38dfd737ab298b7d:0xe5032e7153835b5d!5m2!4m1!1i2!8m2!3d33.9164591!4d73.4144557!16s%2Fg%2F11f6yf2s76!19sChIJfYspqzfX3zgRXVuDU3EuA-U?authuser=0&hl=en&rclk=1,,,
https://www.google.com/maps/place/Apartments+by+SUPERHOST+Stays+in+Murree/data=!4m10!3m9!1s0x38dfd75a221a8d15:0x693dc92d5fe13cac!5m2!4m1!1i2!8m2!3d33.912122!4d73.3953581!16s%2Fg%2F11wy2dyyn7!19sChIJFY0aIlrX3zgRrDzhXy3JPWk?authuser=0&hl=en&rclk=1,,,
https://www.google.com/maps/place/Askari+Lodges/data=!4m10!3m9!1s0x38dfd7b73efc598f:0x877298775d36925f!5m2!4m1!1i2!8m2!3d33.9451475!4d73.3960122!16s%2Fg%2F11y0y0gntb!19sChIJj1n8PrfX3zgRX5I2XXeYcoc?authuser=0&hl=en&rclk=1,,,
https://www.google.com/maps/place/GRAND+HOMES+HOTEL/data=!4m10!3m9!1s0x38dfd7d6137947c3:0x89f41a27dc9067e1!5m2!4m1!1i2!8m2!3d33.9096724!4d73.3903467!16s%2Fg%2F11ndvnlv_5!19sChIJw0d5E9bX3zgR4WeQ3Cca9Ik?authuser=0&hl=en&rclk=1,,,
