Name,Type,Address,Reviews
Coco Cubano Gulberg,Cuban,14-C 1 MM Alam Rd,"""The vibe was very good, the staff was excellent, the  was good."""
Baranh,Restaurant,"Gulberg Galleria, Main Boulevard Gulberg","""Amazing , excellent service, and a beautiful rooftop."""
Urban Kitchen,Restaurant,"Opposite Mall 1, Main Boulevard, Gulberg , Lahore (opp. Mocca 95 D Gulberg 3, opposite Mall 1, opp. Mocca","""Every  every dish, their taste, flavour, ambiance presentation."""
Haveli Restaurant,Pakistani Restaurant,"2170-A Food St Fort Rd, opposite Badshahi Mosque","""The  was satisfying and the staff is knowledgeable and attentive."""
Howdy Rooftop,Restaurant,"Rooftop, 9c Building, MM Alam Rd","""Amazing , stunning presentation, and a great vibe!"""
Cooco's Den,Restaurant,"Roshnai Gate, 2168/A Food St Fort Rd","""Location 10/10
 7/10
Service 7/10
 Presentation 5/10."""
Mystique Restaurants Lahore,Restaurant,"41-A MM Alam Rd Block, 2 L","""The  was amazing, the ambiance was awesome, service was exceptional!"""
Poet Rooftop Garden,Restaurant,Lake City Roundabout,"""Great , calm rooftop vibes, and excellent service."""
Fuoco,Modern European,"6-A, 2 College Rd","""The cuisine is exquisite, and the ambiance is aesthetically pleasing."""
The Carnivore Lahore,Restaurnat,"Mian Mehmood Ali Kasoori Rd, opposite Xinhua Mall","""Great , warm service, and a unique  concept."""
Meet Me In Paris Raya,Restaurnat,"100, 6 Raya Fairways","""The food was fresh, expertly prepared, and presented with care."""
Ambarsariya Restaurant,Restaurant,"Mini Tower, 5Th Floor, 27/A, opposite Mobilink","""Every dish we tried was expertly prepared and beautifully presented."""
Meat The Cheese,Restaurant,C-3 Gulberg III Noor Jehan Road، Near Hussain Chowk,"""The food is tasty, staff is friendly, and the ambience is top-notch."""
Spice Bazaar,Pakistani,"T-01, Tipu Rd, off MM Alam Road","""The welcoming ambiance and diverse menu offer a symphony of flavors."""
Shahenshah Sajji And Grill,Restaurant,42L,"""The  was good, atmosphere was amazing, staff is very friendly..."""
Chit Chaat / Your Local Restaurant,Restaurant,2190 A Fort Rd,"""The  was really good and the staff was  very friendly."""
The Balcony Lahore,Restaurant,94-D-1 Main Boulevard Gulberg,"""Great  and fries, their drinks, tarragon and Tuscan steaks are amazing."""
Café Aylanto,Restaurant,12 C1 MM Alam Rd,"""The menu is extensive and the flavors of their dishes are truly unique."""
Lahori Barbecue Rooftop,Barbecue,"81CII, Off, MM Alam Rd","""The  was great, the atmosphere and the ambiance was soo good."""
Andaaz Restaurant,Pakistani Restaurant,2189 A Fort Rd,"""ambiance, service was top notch and high quality!"""
