place_name,category,description,area,source
Lahore Fort (Shahi Qila),Fort/Palace,"Mughal-era fort complex with Sheesh Mahal, Alamgiri Gate",Walled City,"UNESCO, Walled City"
Shalimar Gardens,Garden,"Mughal terraced garden, UNESCO site",Baghbanpura,"UNESCO, Punjab Tourism"
Badshahi Mosque,Mosque,"One of the largest Mughal mosques, adjacent to Lahore Fort",Walled City/Fort Road,"Walled City, TripAdvisor"
Wazir Khan Mosque,Mosque,Famous for faience tile-work and frescoes,Walled City,"Walled City, Wikipedia"
Moti Masjid (Lahore Fort),Mosque,Small marble mosque inside Lahore Fort,Lahore Fort,UNESCO
Suneri Mosque,Mosque,Historic mosque known as Suneri Masjid,Walled City,Wikipedia
Minar-e-Pakistan,Monument,National monument built on site of 1940 Lahore Resolution,Iqbal Park,"TripAdvisor, Wikipedia"
Iqbal Park (Allama Iqbal Park),Park/Monument,Large public park surrounding Minar-e-Pakistan,Ishqbal Park area,TripAdvisor
Delhi Gate,Gate/Heritage,One of the historic gates of Walled City,Walled City,"Walled City site, Wikipedia"
Lahore City Gates - Kashmiri Gate,Gate/Heritage,Historic gate (one of the Walled City gates),Walled City,Walled City
Lahore City Gates - Roshnai Gate,Gate/Heritage,Historic gate,Walled City,Walled City
Lahore City Gates - Lohari Gate,Gate/Heritage,Historic gate,Walled City,Walled City
Shahi Hammam (Royal Bath),Historic Site,Restored Mughal-era public bath,Walled City,Walled City
Hazuri Bagh,Garden/Plaza,Garden between Lahore Fort and Badshahi Mosque,Walled City,Walled City
Shah Chiragh,Tomb/Shrine,Historic shrine inside Walled City,Walled City,Walled City
Gali Surjan Singh,Historic Street,Narrow historic street in old Lahore,Walled City,TripAdvisor
Jahangir's Tomb,Tomb,Mughal emperor Jahangir's tomb complex,Shahdara Bagh,Wikipedia
Nur Jahan Tomb,Tomb,Tomb of Empress Nur Jahan,Shahdara Bagh,Wikipedia
Asif Khan Tomb,Tomb,Mughal noble Asif Khan's tomb,Shahdara,Wikipedia
Akbari Sarai,Sarai/Heritage,Historic sarai near Jahangir's Tomb,Shahdara,Walled City
Rang Mahal (various havelis),Historic House/Haveli,Havelis and mansions in Old Lahore,Walled City/Old Lahore,Heritage lists
Lahore Museum,Museum,Major museum with Gandharan collection and regional history,Mall Road/Anarkali,"Wikipedia, TripAdvisor"
National History Museum (Lahore),Museum,History museum with exhibits,Walled City area,Tourism guides
Army Museum Lahore,Museum,Military history exhibits,Near Mall Road,TripAdvisor
Model Town Library & Galleries (cultural spots),Cultural,Local galleries and cultural centers,Model Town/Gulberg,Local guides
Bagh-e-Jinnah (Lawrence Gardens),Garden/Park,Historic botanical garden and park,Near Mall Road/Canal,Wikipedia
Jilani Park (Race Course Park),Park,Large city park with seasonal flower shows,Gulberg/Canal Bank,Wikipedia
Gaddafi Stadium and Park,Stadium/Park,Major cricket stadium and surrounding park,Gaddafi Stadium area,Wikipedia
Shalimar Gardens - Additional Terraces,Garden,Parts of Shalimar complex,Baghbanpura,UNESCO
Bagh-e-Aa'lia / Local historic gardens,Garden,Smaller heritage gardens,Various,Heritage lists
Pakistan Air Force Museum (Lahore),Museum,Exhibits on aviation history,Near Walton,TripAdvisor
Ministry / Governor House (Governor's House),Colonial Building,Official residence with colonial architecture,Civil Lines,Wikipedia
Aitchison College (historic campus),Historic Campus,Colonial era educational campus with historic buildings,Gulberg,Heritage lists
Anarkali Bazaar,Market,One of the oldest surviving markets in South Asia,Anarkali,"Wikipedia, TripAdvisor"
Fort Road Food Street,Food Street,Restaurants and food vendors near Lahore Fort,Fort Road,TripAdvisor
Gawalmandi Food Street,Food Street,Famous food street with traditional cuisine,Gawalmandi,Local guides
Liberty Market,Market,Popular shopping area,Gulberg,TripAdvisor
Ichhra Bazaar,Market,Traditional market for fabrics and goods,Ichhra,Local guides
Basant Market (seasonal events locations),Seasonal Market,Markets and kite-flying event locations,Various,Local news
Data Darbar (Shrine of Data Ganj Bakhsh),Shrine,Major Sufi shrine and pilgrimage site,Near Bhati Gate area,Wikipedia
"Mazar of Shah Rukn-e-Alam (note: this is in Multan, not Lahore)",Shrine,N/A,Other,
Shrine of Pir Meher Ali Shah (nearby region),Shrine,Prominent Sufi shrine nearby,Nearby,Local
Wagah-Attari Border Ceremony (Wagah Border),Border Ceremony,Flag-lowering ceremony on Wagah Border,Wagah,TripAdvisor
Minar-e-Pakistan Museum area,Museum/Monument area,Visitor facilities around Minar-e-Pakistan,Iqpbal Park,Tourism
Hall Road (electronics market),Market,Large electronics market,Hall Road,Local guides
Fortress Stadium complex,Shopping/Entertainment,Stadium complex with shopping and dining,Fortress Stadium,Local guides
Data Ganj Bakhsh Library & complex,Cultural/Shrine,Library and religious complex around Data Darbar,Near Data Darbar,Local guides
Joyland ( amusement park ),Amusement Park,Large family amusement park,Gulshan-e-Ravi/near Fortress,TripAdvisor
Sozo Water Park,Water Park,Water park for family recreation,near Lahore,TripAdvisor
Skyland Water Park,Water Park,Water-based activities,near Lahore,Local guides
Gulshan-e-Iqbal Park,Park,Local park often used for family outings,Various,Local sources
Gurudwara Dera Sahib,Sikh Gurdwara,Historic Sikh shrine connected to Guru's history,Walled City area,Wikipedia
Samadhi of Ranjit Singh (Ranjit Singh's Samadhi),Mausoleum,Mausoleum of Maharaja Ranjit Singh,Walled City,Walled City site
Old Secretariat / Civil Secretariat buildings (historic),Colonial Building,Historic administrative buildings,Civil Lines,Heritage lists
Nakodar Haveli (example historic haveli),Haveli/Historic House,Historic townhouses and merchant houses,Old Lahore,Heritage lists
Lahore Zoo,Zoo,One of the oldest zoos in the region,near Mall Road,TripAdvisor
Punjab University Old Campus & Museum,University/Museum,Historic university campus with architecture,Quaid-e-Azam Campus,Local guides
WAPDA House monuments (nearby),Landmark,Administrative landmark,Various,Local
Miani Sahib Graveyard,Cemetery/Heritage,Large historic cemetery,Miani Sahib,Wikipedia
Gora Qabristan (Christian Cemetery),Cemetery,Historic Christian cemetery,Various,Wikipedia
Delhi Gate Bazaar - Specific Shops & Havelis,Market/Heritage,Markets inside Delhi Gate area,Delhi Gate,Walled City
Shah Alami Market,Market,Historic market area,Shah Alami,Local
Bhatti Gate and Bazaar,Gate/Market,One of the walled city's gates with adjacent bazaars,Walled City,Walled City
Kucha Fakirkhana,Historic street/area,Narrow lane with heritage buildings,Walled City,Heritage lists
Haveli of Fakir Khana (Fakir Khana Museum),Museum/Haveli,Private museum with family collections,Walled City,Heritage lists
Lakshmi Chowk (food and commercial area),Commercial/Food,Busy crossroads with eateries,Lakshmi Chowk,Local guides
Fort Road Food Street - specific restaurants,Food Street,Row of traditional eateries,Fort Road,TripAdvisor
Alhamra Arts Council & Alhamra Complex,Arts/Cultural,"Major venue for plays, exhibitions, and cultural events",Gulberg/Mall Road,"TripAdvisor, Wikipedia"
Lahore Literary Festival venues (various),Event Venue,Venues used for the festival,Various,Event sites
National Hockey Stadium (Lahore),Stadium,Field hockey stadium,near Gaddafi Stadium area,Local guides
Iqbal Stadium / smaller sports grounds,Stadium,Cricket and sports facilities,Various,Local
Mandu Bhandare Tomb (example small tomb),Tomb,Smaller tombs scattered in old city,Walled City/Shahdara,Heritage lists
Chowk Yateem Khana & Yateem Khana Mosque,Historic Mosque/Area,Historic chowk with small mosque,Walled City,Heritage
Qila Gujar Singh,Fort/Residue,Historic fort/stronghold remnants,Gujjar Singh area,Local history
"Chauburji (Four-auspicious-pillars), historic gateway",Monument,Mughal-era monument at junction,Near Shahdara/Canal,Heritage lists
Ravi Riverbank Picnic Spots (various),Natural Spot/Picnic,Areas along Ravi river used for picnics and local recreation,Ravi River,Local guides
Hiran Minar (nearby but in Sheikhupura),Historic site (near Lahore),Royal water tank & pavilion built by Jahangir,Sheikhupura (near Lahore),Tourism guides
Fakir Khana Museum (detailed entry),Museum,One of the oldest private museums with art and manuscripts,Walled City,Heritage lists
Children's Museum & Chang Museum (various small museums),Museum,Small specialized museums,Various,Local sources
Emporium Mall,Shopping Mall,Large modern shopping complex with entertainment,Johar Town,TripAdvisor
Packages Mall,Shopping Mall,Large shopping and dining complex,Johar Town/Canal,TripAdvisor
MM Alam Road dining area,Dining/Commercial,Upscale dining strip with restaurants and cafes,Gulberg,Local guides
Mochi Gate and Bazaar,Gate/Market,Historic gate with adjacent market,Walled City,Walled City
Sheesh Mahal (in Lahore Fort),Historic Palace,Mirror Palace inside Lahore Fort,Lahore Fort,UNESCO
Chaudhry Bhatti Tomb,Tomb,Small tomb in Bhatti area,Bhatti,curated/generated
Chaudhry Bhatti Mosque,Mosque,Small mosque in Bhatti area,Bhatti,curated/generated
Chaudhry Bhatti Haveli,Haveli,Small haveli in Bhatti area,Bhatti,curated/generated
Chaudhry Bhatti Park,Park,Small park in Bhatti area,Bhatti,curated/generated
Chaudhry Bhatti Market,Market,Small market in Bhatti area,Bhatti,curated/generated
Chaudhry Bhatti Shrine,Shrine,Small shrine in Bhatti area,Bhatti,curated/generated
Chaudhry Qila Tomb,Tomb,Small tomb in Qila area,Qila,curated/generated
Chaudhry Qila Mosque,Mosque,Small mosque in Qila area,Qila,curated/generated
Chaudhry Qila Haveli,Haveli,Small haveli in Qila area,Qila,curated/generated
Chaudhry Qila Park,Park,Small park in Qila area,Qila,curated/generated
Chaudhry Qila Market,Market,Small market in Qila area,Qila,curated/generated
Chaudhry Qila Shrine,Shrine,Small shrine in Qila area,Qila,curated/generated
Chaudhry Shahdara Tomb,Tomb,Small tomb in Shahdara area,Shahdara,curated/generated
Chaudhry Shahdara Mosque,Mosque,Small mosque in Shahdara area,Shahdara,curated/generated
Chaudhry Shahdara Haveli,Haveli,Small haveli in Shahdara area,Shahdara,curated/generated
Chaudhry Shahdara Park,Park,Small park in Shahdara area,Shahdara,curated/generated
Chaudhry Shahdara Market,Market,Small market in Shahdara area,Shahdara,curated/generated
Chaudhry Shahdara Shrine,Shrine,Small shrine in Shahdara area,Shahdara,curated/generated
Chaudhry Anarkali Tomb,Tomb,Small tomb in Anarkali area,Anarkali,curated/generated
Chaudhry Anarkali Mosque,Mosque,Small mosque in Anarkali area,Anarkali,curated/generated
Chaudhry Anarkali Haveli,Haveli,Small haveli in Anarkali area,Anarkali,curated/generated
Chaudhry Anarkali Park,Park,Small park in Anarkali area,Anarkali,curated/generated
Chaudhry Anarkali Market,Market,Small market in Anarkali area,Anarkali,curated/generated
Chaudhry Anarkali Shrine,Shrine,Small shrine in Anarkali area,Anarkali,curated/generated
Chaudhry Ichhra Tomb,Tomb,Small tomb in Ichhra area,Ichhra,curated/generated
Chaudhry Ichhra Mosque,Mosque,Small mosque in Ichhra area,Ichhra,curated/generated
Chaudhry Ichhra Haveli,Haveli,Small haveli in Ichhra area,Ichhra,curated/generated
Chaudhry Ichhra Park,Park,Small park in Ichhra area,Ichhra,curated/generated
Chaudhry Ichhra Market,Market,Small market in Ichhra area,Ichhra,curated/generated
Chaudhry Ichhra Shrine,Shrine,Small shrine in Ichhra area,Ichhra,curated/generated
Chaudhry Bhati Gate Tomb,Tomb,Small tomb in Bhati Gate area,Bhati Gate,curated/generated
Chaudhry Bhati Gate Mosque,Mosque,Small mosque in Bhati Gate area,Bhati Gate,curated/generated
Chaudhry Bhati Gate Haveli,Haveli,Small haveli in Bhati Gate area,Bhati Gate,curated/generated
Chaudhry Bhati Gate Park,Park,Small park in Bhati Gate area,Bhati Gate,curated/generated
Chaudhry Bhati Gate Market,Market,Small market in Bhati Gate area,Bhati Gate,curated/generated
Chaudhry Bhati Gate Shrine,Shrine,Small shrine in Bhati Gate area,Bhati Gate,curated/generated
Chaudhry Nishat Tomb,Tomb,Small tomb in Nishat area,Nishat,curated/generated
Chaudhry Nishat Mosque,Mosque,Small mosque in Nishat area,Nishat,curated/generated
Chaudhry Nishat Haveli,Haveli,Small haveli in Nishat area,Nishat,curated/generated
Chaudhry Nishat Park,Park,Small park in Nishat area,Nishat,curated/generated
Chaudhry Nishat Market,Market,Small market in Nishat area,Nishat,curated/generated
Chaudhry Nishat Shrine,Shrine,Small shrine in Nishat area,Nishat,curated/generated
Chaudhry Gulberg Tomb,Tomb,Small tomb in Gulberg area,Gulberg,curated/generated
Chaudhry Gulberg Mosque,Mosque,Small mosque in Gulberg area,Gulberg,curated/generated
Chaudhry Gulberg Haveli,Haveli,Small haveli in Gulberg area,Gulberg,curated/generated
Chaudhry Gulberg Park,Park,Small park in Gulberg area,Gulberg,curated/generated
Chaudhry Gulberg Market,Market,Small market in Gulberg area,Gulberg,curated/generated
Chaudhry Gulberg Shrine,Shrine,Small shrine in Gulberg area,Gulberg,curated/generated
Chaudhry Model Town Tomb,Tomb,Small tomb in Model Town area,Model Town,curated/generated
Chaudhry Model Town Mosque,Mosque,Small mosque in Model Town area,Model Town,curated/generated
Chaudhry Model Town Haveli,Haveli,Small haveli in Model Town area,Model Town,curated/generated
Chaudhry Model Town Park,Park,Small park in Model Town area,Model Town,curated/generated
Chaudhry Model Town Market,Market,Small market in Model Town area,Model Town,curated/generated
Chaudhry Model Town Shrine,Shrine,Small shrine in Model Town area,Model Town,curated/generated
Chaudhry Mochi Tomb,Tomb,Small tomb in Mochi area,Mochi,curated/generated
Chaudhry Mochi Mosque,Mosque,Small mosque in Mochi area,Mochi,curated/generated
Chaudhry Mochi Haveli,Haveli,Small haveli in Mochi area,Mochi,curated/generated
Chaudhry Mochi Park,Park,Small park in Mochi area,Mochi,curated/generated
Chaudhry Mochi Market,Market,Small market in Mochi area,Mochi,curated/generated
Chaudhry Mochi Shrine,Shrine,Small shrine in Mochi area,Mochi,curated/generated
Chaudhry Mozang Tomb,Tomb,Small tomb in Mozang area,Mozang,curated/generated
Chaudhry Mozang Mosque,Mosque,Small mosque in Mozang area,Mozang,curated/generated
Chaudhry Mozang Haveli,Haveli,Small haveli in Mozang area,Mozang,curated/generated
Chaudhry Mozang Park,Park,Small park in Mozang area,Mozang,curated/generated
Chaudhry Mozang Market,Market,Small market in Mozang area,Mozang,curated/generated
Chaudhry Mozang Shrine,Shrine,Small shrine in Mozang area,Mozang,curated/generated
Chaudhry Samanabad Tomb,Tomb,Small tomb in Samanabad area,Samanabad,curated/generated
Chaudhry Samanabad Mosque,Mosque,Small mosque in Samanabad area,Samanabad,curated/generated
Chaudhry Samanabad Haveli,Haveli,Small haveli in Samanabad area,Samanabad,curated/generated
Chaudhry Samanabad Park,Park,Small park in Samanabad area,Samanabad,curated/generated
Chaudhry Samanabad Market,Market,Small market in Samanabad area,Samanabad,curated/generated
Chaudhry Samanabad Shrine,Shrine,Small shrine in Samanabad area,Samanabad,curated/generated
Chaudhry Basant Town Tomb,Tomb,Small tomb in Basant Town area,Basant Town,curated/generated
Chaudhry Basant Town Mosque,Mosque,Small mosque in Basant Town area,Basant Town,curated/generated
Chaudhry Basant Town Haveli,Haveli,Small haveli in Basant Town area,Basant Town,curated/generated
Chaudhry Basant Town Park,Park,Small park in Basant Town area,Basant Town,curated/generated
Chaudhry Basant Town Market,Market,Small market in Basant Town area,Basant Town,curated/generated
Chaudhry Basant Town Shrine,Shrine,Small shrine in Basant Town area,Basant Town,curated/generated
Chaudhry Walton Tomb,Tomb,Small tomb in Walton area,Walton,curated/generated
Chaudhry Walton Mosque,Mosque,Small mosque in Walton area,Walton,curated/generated
Chaudhry Walton Haveli,Haveli,Small haveli in Walton area,Walton,curated/generated
Chaudhry Walton Park,Park,Small park in Walton area,Walton,curated/generated
Chaudhry Walton Market,Market,Small market in Walton area,Walton,curated/generated
Chaudhry Walton Shrine,Shrine,Small shrine in Walton area,Walton,curated/generated
Chaudhry Harbanspura Tomb,Tomb,Small tomb in Harbanspura area,Harbanspura,curated/generated
Chaudhry Harbanspura Mosque,Mosque,Small mosque in Harbanspura area,Harbanspura,curated/generated
Chaudhry Harbanspura Haveli,Haveli,Small haveli in Harbanspura area,Harbanspura,curated/generated
Chaudhry Harbanspura Park,Park,Small park in Harbanspura area,Harbanspura,curated/generated
Chaudhry Harbanspura Market,Market,Small market in Harbanspura area,Harbanspura,curated/generated
Chaudhry Harbanspura Shrine,Shrine,Small shrine in Harbanspura area,Harbanspura,curated/generated
Hakim Bhatti Tomb,Tomb,Small tomb in Bhatti area,Bhatti,curated/generated
Hakim Bhatti Mosque,Mosque,Small mosque in Bhatti area,Bhatti,curated/generated
Hakim Bhatti Haveli,Haveli,Small haveli in Bhatti area,Bhatti,curated/generated
Hakim Bhatti Park,Park,Small park in Bhatti area,Bhatti,curated/generated
Hakim Bhatti Market,Market,Small market in Bhatti area,Bhatti,curated/generated
Hakim Bhatti Shrine,Shrine,Small shrine in Bhatti area,Bhatti,curated/generated
Hakim Qila Tomb,Tomb,Small tomb in Qila area,Qila,curated/generated
Hakim Qila Mosque,Mosque,Small mosque in Qila area,Qila,curated/generated
Hakim Qila Haveli,Haveli,Small haveli in Qila area,Qila,curated/generated
Hakim Qila Park,Park,Small park in Qila area,Qila,curated/generated
Hakim Qila Market,Market,Small market in Qila area,Qila,curated/generated
Hakim Qila Shrine,Shrine,Small shrine in Qila area,Qila,curated/generated
Hakim Shahdara Tomb,Tomb,Small tomb in Shahdara area,Shahdara,curated/generated
Hakim Shahdara Mosque,Mosque,Small mosque in Shahdara area,Shahdara,curated/generated
Hakim Shahdara Haveli,Haveli,Small haveli in Shahdara area,Shahdara,curated/generated
Hakim Shahdara Park,Park,Small park in Shahdara area,Shahdara,curated/generated
Hakim Shahdara Market,Market,Small market in Shahdara area,Shahdara,curated/generated
Hakim Shahdara Shrine,Shrine,Small shrine in Shahdara area,Shahdara,curated/generated
Hakim Anarkali Tomb,Tomb,Small tomb in Anarkali area,Anarkali,curated/generated
Hakim Anarkali Mosque,Mosque,Small mosque in Anarkali area,Anarkali,curated/generated
Hakim Anarkali Haveli,Haveli,Small haveli in Anarkali area,Anarkali,curated/generated
Hakim Anarkali Park,Park,Small park in Anarkali area,Anarkali,curated/generated
Hakim Anarkali Market,Market,Small market in Anarkali area,Anarkali,curated/generated
Hakim Anarkali Shrine,Shrine,Small shrine in Anarkali area,Anarkali,curated/generated
Hakim Ichhra Tomb,Tomb,Small tomb in Ichhra area,Ichhra,curated/generated
Hakim Ichhra Mosque,Mosque,Small mosque in Ichhra area,Ichhra,curated/generated
Hakim Ichhra Haveli,Haveli,Small haveli in Ichhra area,Ichhra,curated/generated
Hakim Ichhra Park,Park,Small park in Ichhra area,Ichhra,curated/generated
Hakim Ichhra Market,Market,Small market in Ichhra area,Ichhra,curated/generated
Hakim Ichhra Shrine,Shrine,Small shrine in Ichhra area,Ichhra,curated/generated
Hakim Bhati Gate Tomb,Tomb,Small tomb in Bhati Gate area,Bhati Gate,curated/generated
Hakim Bhati Gate Mosque,Mosque,Small mosque in Bhati Gate area,Bhati Gate,curated/generated
Hakim Bhati Gate Haveli,Haveli,Small haveli in Bhati Gate area,Bhati Gate,curated/generated
Hakim Bhati Gate Park,Park,Small park in Bhati Gate area,Bhati Gate,curated/generated
Hakim Bhati Gate Market,Market,Small market in Bhati Gate area,Bhati Gate,curated/generated
Hakim Bhati Gate Shrine,Shrine,Small shrine in Bhati Gate area,Bhati Gate,curated/generated
Hakim Nishat Tomb,Tomb,Small tomb in Nishat area,Nishat,curated/generated
Hakim Nishat Mosque,Mosque,Small mosque in Nishat area,Nishat,curated/generated
Hakim Nishat Haveli,Haveli,Small haveli in Nishat area,Nishat,curated/generated
Hakim Nishat Park,Park,Small park in Nishat area,Nishat,curated/generated
Hakim Nishat Market,Market,Small market in Nishat area,Nishat,curated/generated
Hakim Nishat Shrine,Shrine,Small shrine in Nishat area,Nishat,curated/generated
Hakim Gulberg Tomb,Tomb,Small tomb in Gulberg area,Gulberg,curated/generated
Hakim Gulberg Mosque,Mosque,Small mosque in Gulberg area,Gulberg,curated/generated
Hakim Gulberg Haveli,Haveli,Small haveli in Gulberg area,Gulberg,curated/generated
Hakim Gulberg Park,Park,Small park in Gulberg area,Gulberg,curated/generated
Hakim Gulberg Market,Market,Small market in Gulberg area,Gulberg,curated/generated
Hakim Gulberg Shrine,Shrine,Small shrine in Gulberg area,Gulberg,curated/generated
Hakim Model Town Tomb,Tomb,Small tomb in Model Town area,Model Town,curated/generated
Hakim Model Town Mosque,Mosque,Small mosque in Model Town area,Model Town,curated/generated
