Name,Location,Type,Address,EntryFee,Timing,Description,BestSeason
Mall Road,Murree,Shopping & Sightseeing,Mall Road Murree,Free,Always Open,Main street of Murree with shops cafes restaurants hotels and street vendors. Perfect for evening strolls souvenir shopping and people watching. About 25 km long.,All Year
Kashmir Point,Murree,Viewpoint,Kashmir Point Mall Road Murree,Free,Always Open,Most scenic viewpoint in Murree offering panoramic views of Kashmir mountains and surrounding valleys. About 1 mile walk from GPO. Popular for picnics photography and pony rides.,All Year
Pindi Point,Murree,Viewpoint & Chairlift,Pindi Point Murree,PKR 200-500,9AM - 6PM,Famous viewpoint offering breathtaking views of Rawalpindi and Islamabad twin cities. Has a chairlift ride for tourists. Great for families and adventure lovers.,Summer & Winter
Patriata (New Murree),Murree,Chairlift & Scenic,Patriata 15km from Murree,PKR 1200,9AM - 5PM,Also known as New Murree. Famous for Pakistan's longest chairlift (7km) and cable car system. At 7500 feet altitude with dense forests. Monkeys and leopards can be spotted.,Summer
Ayubia National Park,Murree,Nature & Trekking,Ayubia near Murree,Free,Always Open,Haven for hikers and wildlife lovers. Famous Pipeline Track connects Ayubia to Dunga Gali. Scenic 4km trek with views of Himalayas. Features chairlift stunning valleys and diverse wildlife.,Summer & Winter
Bhurban,Murree,Luxury & Nature,Bhurban 13km from Murree,Free,Always Open,Famous for Pearl Continental Hotel luxury resorts golf courses and scenic walking trails. Blend of luxury and natural beauty. Home to Murree Wildlife Park with various animal species.,All Year
Sozo Adventure Park,Murree,Amusement Park,Near Murree,PKR 500-1500,10AM - 8PM,Renowned spot for thrill seekers with roller coasters water slides rock climbing zip lining and amusement rides. Great for families and kids of all ages.,Summer
Ghora Gali,Murree,Hill Station,Ghora Gali Murree,Free,Always Open,Former British colonial retreat retaining vintage charm. Features a chairlift ride and stunning mountain views. Peaceful and less crowded than main Murree areas.,All Year
Jhika Gali,Murree,Hill Station,Jhika Gali Murree Tehsil,Free,Always Open,Small picturesque town with wooden cottages and slanted roofs. Popular in winter for snow viewing and summer for cool weather. Perfect for family vacations.,All Year
Murree Hills,Murree,Scenic Hills,Murree,Free,Always Open,Beautiful mountain terrain at 2286 meters above sea level. Famous for pine trees fresh air and panoramic views. The Queen of Hills offering hiking photography and nature walks.,All Year
GPO Chowk,Murree,Historic Landmark,GPO Chowk Murree,Free,Always Open,Historic colonial-era General Post Office at the heart of Murree. Symbol of the town heritage and a central landmark from where most attractions are accessible.,All Year
Murree Brewery,Murree,Historic Site,Rawalpindi Road Murree,Free,N/A,One of the oldest breweries in Pakistan established in 1860. Historic building with colonial architecture. Important cultural and historical landmark of Murree.,All Year
Chattar Park,Murree,Family Park,Murree Road near Islamabad,Small Fee,9AM - 6PM,Family friendly park on the way to Murree with boating play areas and lush greenery. Perfect for a quick picnic stop. Great for children and families.,Summer
