Name,Location,Cuisine,Address,Phone,Specialty,PriceRange,Timing,Description
Monal Murree,Murree,Pakistani/Continental,Park Ridge Plaza Lower Topa Murree Expressway Murree,0325-0000661,BBQ & Grills,High,9:00 AM - 12:00 AM,Iconic hilltop restaurant with breathtaking mountain views. Famous for Pakistani and continental cuisine with outdoor terrace dining.
Terrace Grill,Murree,Pakistani/Chinese/Continental,Kashmir Point Murree,051-3411115,BBQ Platters & Karahi,Medium,11:00 AM - 12:00 AM,Murree's top scenic dining spot at Kashmir Point. Offers BBQ platters karahi steaks and continental dishes with panoramic mountain views.
Lintott's Cafe,Murree,Asian/Pakistani/Chinese,Mall Road Murree,03235171403,Tea & Chinese Fried Rice,Budget,8:00 AM - 2:00 AM,One of the oldest and most iconic restaurants in Murree on Mall Road. Famous for quality tea coffee and Chinese food at affordable prices.
The New York Pizza,Murree,Pizza/Fast Food,Main Mall Road First Floor White Onion Restaurant Murree,0513414764,New York Style Pizza,Medium,12:00 PM - 5:00 AM,Popular pizza spot on Mall Road serving New York style pizzas with rich toppings and crispy crust. Great for families and young travelers.
Stone Ove Pizza Valley,Murree,Pizza/Italian,"Mall Road Murree, 47140",051111334455,Stone Oven Baked Pizza,Medium,10:30 AM - 3:00 AM,Famous for freshly baked stone oven pizzas. Modern clean restaurant with a variety of classic and specialty pizzas along with sides and beverages.
Bundu Khan Restaurant,Murree,Pakistani BBQ,Mall Road Murree,042111444411,Authentic Pakistani BBQ,Medium,12:00 PM - 1:00 AM,Well known national chain famous for authentic Pakistani BBQ and traditional flavors. Reliable option for both lunch and dinner with comfortable seating.
Chinar Pavilion,Murree,Pakistani,Murree,0513753271,Pakistani Cuisine,Medium,Open Daily,Scenic restaurant in Murree serving quality Pakistani food in a pleasant environment. Popular among families and tourists.
Aamir's Motel & Dolly's Cafe,Murree,Pakistani/Cafe,Murree,03255850333,Pakistani Food & Snacks,Budget,Open 24 HOURS,Cozy cafe and motel combo offering Pakistani food and light snacks. Popular stopover for travelers visiting Murree.
Usmania Restaurant,Murree,Pakistani/Chinese,Mall Road Murree,N/A,Pakistani & Chinese Cuisine,Budget,Open 24 HOURS,Popular restaurant known for delicious Pakistani and Chinese cuisine. Famous for traditional Pakistani dishes made with fresh ingredients at affordable prices.
Asian Wok,Murree,Chinese/Pan-Asian,Murree,03008403004,Noodles & Stir Fry,Medium,12:00 PM - 10:00 PM,Perfect spot for Chinese and Pan-Asian cuisine lovers. Colorful menu featuring noodles rice dishes and stir fried specialties with generous portions.
Chaaye Khana,Murree,Cafe/Tea,Mall Road Murree,03102446117,Tea & Breakfast,Budget,9:00 AM - 11:00 PM,Famous tea cafe chain known for 70+ blends of carefully sourced teas. Cozy elegant ambiance with Pakistani breakfast delights and snacks.
Habibi Restaurant,Murree,Pakistani/Arabic,Murree,N/A,Pakistani Food,Medium,12:00 PM - 1:00 AM,Popular restaurant in Murree serving quality Pakistani food. Known for good service and tasty meals at reasonable prices.
