Question,Answer,Category
How far is Murree from Islamabad?,Murree is approximately 70 km from Islamabad. The drive takes about 1.5 to 2 hours depending on traffic.,Travel
What is the best time to visit Murree?,Murree is beautiful all year round. Summer (May-August) is best for escaping heat. Winter (December-February) offers stunning snowfall. Spring (March-April) has pleasant weather and greenery.,Weather & Season
Does it snow in Murree?,Yes! Murree receives heavy snowfall from December to February. It is one of the most popular snow destinations in Pakistan.,Weather & Season
What is the temperature in Murree in summer?,Summer temperatures in Murree range from 15°C to 25°C making it a perfect escape from the heat of the plains.,Weather & Season
What is the temperature in Murree in winter?,Winter temperatures range from -2°C to 10°C. It can drop below freezing during heavy snowfall.,Weather & Season
How do I get to Murree from Islamabad?,You can take the Islamabad-Murree Expressway by car. Public buses and coasters are also available from Rawalpindi's Pirwadhai bus stand. The journey takes about 1.5 to 2 hours.,Travel
Is Murree safe for tourists?,Yes Murree is generally safe for tourists. However during heavy snowfall roads can be blocked. Always check weather conditions before travelling.,Safety
What clothes should I bring to Murree?,In summer bring light clothes with a jacket for evenings. In winter bring heavy warm clothes thermals gloves and warm boots. It gets very cold at night.,Packing Tips
What currency is used in Murree?,Pakistani Rupee (PKR) is used. ATMs are available on Mall Road but it is recommended to carry cash as network can be unreliable.,Money
Are there ATMs in Murree?,Yes there are ATMs on Mall Road in Murree. HBL MCB and other banks have ATMs. However carry enough cash as machines can run out during peak season.,Money
What language is spoken in Murree?,Urdu is widely spoken. Local people also speak Punjabi and Potohari. English is understood in hotels and tourist areas.,Language
What are the famous foods in Murree?,Famous local foods include Chicken Karahi Seekh Kabab Chapli Kabab Nihari Haleem Biryani and Chicken Tikka. Must try fresh corn on the cob sold by roadside vendors.,Food
Is there mobile network coverage in Murree?,Yes all major Pakistani networks including Jazz Telenor Ufone and Zong have coverage in Murree. However coverage may be weak in remote areas.,Connectivity
Are there hotels for all budgets in Murree?,Yes Murree has hotels for all budgets from budget guesthouses to luxury 5-star resorts like Pearl Continental Bhurban and Shangrila.,Accommodation
What activities can I do in Murree?,Horse riding chairlift rides hiking snowball fights in winter shopping on Mall Road visiting Kashmir Point and Pindi Point zip lining at Sozo Park and nature walks.,Activities
How long should I stay in Murree?,A 2 to 3 day stay is ideal to cover all major attractions. Families with children may want to stay longer to enjoy all activities.,Travel Planning
Is Murree accessible by public transport?,Yes coasters and buses run from Rawalpindi Pirwadhai bus stand to Murree regularly. Private taxis and ride hailing apps are also available.,Travel
What is Mall Road in Murree?,Mall Road is the main street of Murree. It is lined with shops restaurants hotels and street vendors. About 25 km long and the hub of all tourist activity in Murree.,Attractions
Can I visit Murree in monsoon season?,Yes but be careful. Monsoon (July-August) brings beautiful misty views but also landslides and road blockages. Check weather conditions before travelling.,Weather & Season
What is the altitude of Murree?,Murree is situated at an altitude of 2286 meters (7500 feet) above sea level in the Pir Panjal range of the Himalayas.,General
Is there a chairlift in Murree?,Yes there are chairlifts at Pindi Point and Patriata (New Murree). The Patriata chairlift is Pakistan's longest at 7 km. Ticket price is around PKR 1200.,Activities
What is Patriata New Murree?,Patriata is also known as New Murree. It is about 15 km from Murree at 7500 feet altitude. Famous for Pakistan's longest chairlift cable cars and dense forests.,Attractions
Are there adventure activities in Murree?,Yes Sozo Adventure Park offers zip lining rock climbing roller coasters and water slides. Horse riding is available at Kashmir Point and Mall Road.,Activities
What should I know about driving to Murree in winter?,Roads can become icy and blocked during heavy snowfall. Always check NHMP road updates. Carry chains for tires. Follow all road closure instructions by authorities.,Safety
Is there parking available in Murree?,Yes there are designated parking areas in Murree. Charges apply during peak season. It is recommended to park outside town and walk or take a horse ride on Mall Road.,Parking
